time,latitude,longitude,depth,mag,magType,nst,gap,dmin,rms,net,id,updated,place,type,horizontalError,depthError,magError,magNst,status,locationSource,magSource
2018-11-08T05:38:28.650Z,33.0513333,-116.4155,7.95,0.58,ml,15,140,0.1557,0.17,ci,ci38353840,2018-11-08T05:41:57.797Z,"18km E of Julian, CA",earthquake,0.44,2.12,0.082,7,automatic,ci,ci
2018-11-08T05:14:51.520Z,38.7836685,-122.7448349,1.32,0.56,md,13,66,0.006353,0.02,nc,nc73108271,2018-11-08T05:29:02.809Z,"1km NE of The Geysers, CA",earthquake,0.21,0.38,0.19,3,automatic,nc,nc
2018-11-08T05:05:30.740Z,33.4393333,-117.13,0,0.73,ml,10,244,0.2857,0.23,ci,ci38353832,2018-11-08T05:09:23.834Z,"6km SSE of Temecula, CA",earthquake,2.82,31.61,0.278,7,automatic,ci,ci
2018-11-08T04:49:01.044Z,63.0691,-150.8893,120.5,3.9,ml,,,,0.42,ak,ak20335343,2018-11-08T05:45:31.721Z,"91km NNW of Talkeetna, Alaska",earthquake,,0.4,,,reviewed,ak,ak
2018-11-08T04:39:36.830Z,19.3311672,-155.1304932,2,2,ml,46,119,0.04509,0.22,hv,hv70678651,2018-11-08T04:45:19.610Z,"15km SE of Volcano, Hawaii",earthquake,0.32,0.57,2.16,17,automatic,hv,hv
2018-11-08T04:35:57.770Z,33.213,-116.4228333,6.48,0.66,ml,10,298,0.05526,0.28,ci,ci38353824,2018-11-08T04:39:40.604Z,"6km SW of Borrego Springs, CA",earthquake,4.76,31.61,0.101,6,automatic,ci,ci
2018-11-08T04:35:44.307Z,61.4067,-146.2127,25.3,2.1,ml,,,,0.9,ak,ak20335341,2018-11-08T04:40:28.659Z,"31km NNE of Valdez, Alaska",earthquake,,0.2,,,automatic,ak,ak
2018-11-08T04:30:10.910Z,36.6904984,-121.322998,3.11,1.32,md,8,201,0.07976,0.03,nc,nc73108266,2018-11-08T04:44:03.543Z,"11km S of Tres Pinos, CA",earthquake,0.9,7.89,0.27,7,automatic,nc,nc
2018-11-08T04:23:57.210Z,33.3888333,-117.1373333,7.85,1.1,ml,12,216,0.3252,0.32,ci,ci38353808,2018-11-08T04:27:38.364Z,"6km WNW of Pala, CA",earthquake,1.6,31.61,0.333,8,automatic,ci,ci
2018-11-08T04:20:59.510Z,33.3323333,-116.3385,10.92,0.66,ml,20,83,0.09182,0.27,ci,ci38353784,2018-11-08T04:24:45.762Z,"9km NNE of Borrego Springs, CA",earthquake,0.51,1.36,0.184,13,automatic,ci,ci
2018-11-08T04:20:57.970Z,36.0441667,-117.8545,1.17,0.64,ml,9,141,0.04656,0.1,ci,ci38353792,2018-11-08T04:24:47.893Z,"8km E of Coso Junction, CA",earthquake,0.33,0.34,0.074,4,automatic,ci,ci
2018-11-08T03:55:37.490Z,38.8364983,-122.8268356,0.65,1.19,md,16,83,0.007072,0.05,nc,nc73108261,2018-11-08T04:30:02.465Z,"9km NW of The Geysers, CA",earthquake,0.23,0.44,0.17,4,automatic,nc,nc
2018-11-08T03:53:38.270Z,33.4866667,-116.7831667,4.28,0.78,ml,32,38,0.02938,0.18,ci,ci38353776,2018-11-08T03:57:19.953Z,"9km ENE of Aguanga, CA",earthquake,0.21,0.42,0.122,22,automatic,ci,ci
2018-11-08T03:39:13.550Z,33.2535,-116.0713333,9.63,0.93,ml,23,152,0.1268,0.26,ci,ci38353768,2018-11-08T03:42:56.132Z,"12km WSW of Salton City, CA",earthquake,0.72,1.59,0.152,20,automatic,ci,ci
2018-11-08T03:25:53.780Z,19.4494991,-154.8775024,1.69,2.51,ml,34,193,0.03913,0.16,hv,hv70678561,2018-11-08T03:31:39.200Z,"4km ESE of Leilani Estates, Hawaii",earthquake,0.56,0.43,0.24,7,automatic,hv,hv
2018-11-08T03:17:14.391Z,68.1178,-144.5038,1.1,2,ml,,,,1.41,ak,ak20335338,2018-11-08T03:29:17.449Z,"43km E of Arctic Village, Alaska",earthquake,,0.3,,,automatic,ak,ak
2018-11-08T03:11:17.010Z,33.9765,-116.7298333,13.29,1.04,ml,33,74,0.09194,0.17,ci,ci38353760,2018-11-08T03:15:04.590Z,"8km NE of Cabazon, CA",earthquake,0.31,0.85,0.182,29,automatic,ci,ci
2018-11-08T02:48:20.370Z,18.0166,-67.1701,6,2.02,md,5,275,0.0614,0.15,pr,pr2018312001,2018-11-08T05:20:26.734Z,"1km S of Boqueron, Puerto Rico",earthquake,1.06,0.38,0.17,5,reviewed,pr,pr
2018-11-08T02:27:03.310Z,45.8606667,-111.3543333,3.12,1.83,ml,23,73,0.306,0.16,mb,mb80322469,2018-11-08T04:26:50.620Z,"1km WNW of Manhattan, Montana",earthquake,0.36,4.26,0.035,7,reviewed,mb,mb
2018-11-08T02:15:13.340Z,42.254,141.3449,104.22,4.4,mb,,86,1.369,0.38,us,us1000hp4u,2018-11-08T02:43:18.040Z,"30km ESE of Muroran, Japan",earthquake,6.5,8.9,0.1,29,reviewed,us,us
2018-11-08T02:12:15.160Z,33.9455,-116.7251667,18.47,0.65,ml,16,71,0.1127,0.2,ci,ci38353752,2018-11-08T02:16:03.509Z,"6km ENE of Cabazon, CA",earthquake,0.46,1.09,0.135,11,automatic,ci,ci
2018-11-08T02:09:53.223Z,61.3953,-147.1718,11.6,1.8,ml,,,,0.49,ak,ak20335251,2018-11-08T02:13:43.410Z,"53km NW of Valdez, Alaska",earthquake,,0.5,,,automatic,ak,ak
2018-11-08T02:08:30.340Z,19.211834,-155.4086609,31.7,1.8,md,34,162,0.02763,0.12,hv,hv70678486,2018-11-08T02:11:49.100Z,"7km E of Pahala, Hawaii",earthquake,0.59,0.72,0.1,4,automatic,hv,hv
2018-11-08T01:58:35.180Z,37.7951667,-121.6116667,15.61,2.78,md,87,37,0.03257,0.14,nc,nc73108236,2018-11-08T05:36:02.852Z,"6km WNW of Mountain House, CA",earthquake,0.17,0.26,0.127,77,reviewed,nc,nc
2018-11-08T01:50:28.440Z,19.2236667,-155.4116667,31.6,1.69,md,42,144,0.0192,0.11,hv,hv70678461,2018-11-08T02:31:49.720Z,"7km ENE of Pahala, Hawaii",earthquake,0.51,0.75,0.055,18,reviewed,hv,hv
2018-11-08T01:49:22.740Z,18.0088,-67.1811,6,2.37,md,18,217,0.0715,0.16,pr,pr2018312000,2018-11-08T03:24:23.343Z,"2km SSW of Boqueron, Puerto Rico",earthquake,0.61,0.35,0.38,17,reviewed,pr,pr
2018-11-08T01:48:01.745Z,63.1219,-150.3955,94.3,1.7,ml,,,,0.33,ak,ak20335052,2018-11-08T01:53:02.903Z,"78km WSW of Cantwell, Alaska",earthquake,,1.6,,,automatic,ak,ak
2018-11-08T01:38:40.240Z,37.5416667,-118.8266667,5.54,0.65,md,12,237,0.04831,0.02,nc,nc73108226,2018-11-08T03:22:59.804Z,"13km W of Toms Place, CA",earthquake,1.44,2.16,0.19,10,reviewed,nc,nc
2018-11-08T01:25:09.750Z,33.629,-116.6888333,12.28,0.38,ml,20,59,0.07201,0.11,ci,ci38353720,2018-11-08T01:28:48.992Z,"8km N of Anza, CA",earthquake,0.26,0.42,0.063,12,automatic,ci,ci
2018-11-08T01:18:39.030Z,-21.0225,-178.4135,549.4,4.9,mb,,95,4.664,0.71,us,us1000hp3t,2018-11-08T01:29:36.040Z,"50km SE of Ndoi Island, Fiji",earthquake,13.4,13.3,0.145,15,reviewed,us,us
2018-11-08T01:09:39.499Z,60.7105,-150.2046,39.7,1.9,ml,,,,0.48,ak,ak20334952,2018-11-08T01:16:36.970Z,"36km ENE of Sterling, Alaska",earthquake,,0.6,,,automatic,ak,ak
2018-11-08T01:06:35.760Z,17.886,-66.946,14,1.96,md,7,244,0.1114,0.06,pr,pr2018312002,2018-11-08T05:21:28.686Z,"10km SSW of Guanica, Puerto Rico",earthquake,0.8,0.64,0.45,7,reviewed,pr,pr
2018-11-08T01:06:01.198Z,62.4152,-149.504,43.6,2.3,ml,,,,0.57,ak,ak20334946,2018-11-08T01:11:00.951Z,"32km ENE of Talkeetna, Alaska",earthquake,,1.2,,,automatic,ak,ak
2018-11-08T01:01:14.884Z,61.5505,-150.8326,50.3,1.9,ml,,,,0.32,ak,ak20334943,2018-11-08T01:05:35.227Z,"46km W of Big Lake, Alaska",earthquake,,0.7,,,automatic,ak,ak
2018-11-08T01:00:18.350Z,35.988,-120.117,17.69,1.76,md,40,158,0.07312,0.11,nc,nc73108216,2018-11-08T04:20:03.412Z,"2km SSE of Avenal, CA",earthquake,0.34,0.79,0.225,18,reviewed,nc,nc
2018-11-08T00:59:25.060Z,63.0955,-151.5264,16,1.1,ml,,,,0.52,ak,ak20334941,2018-11-08T01:03:53.365Z,"112km NW of Talkeetna, Alaska",earthquake,,0.3,,,automatic,ak,ak
2018-11-08T00:57:06.040Z,35.9875,-120.1201667,17.67,2.33,md,44,156,0.07387,0.13,nc,nc73108211,2018-11-08T04:35:02.492Z,"2km SSE of Avenal, CA",earthquake,0.26,0.65,0.356,29,reviewed,nc,nc
2018-11-08T00:56:32.270Z,-23.5313,179.5391,542.31,4.5,mb,,91,5.923,0.81,us,us1000hp3e,2018-11-08T01:18:15.040Z,"South of the Fiji Islands",earthquake,9.4,6.4,0.062,78,reviewed,us,us
2018-11-08T00:56:29.830Z,19.2189999,-155.4088287,32.31,1.84,md,37,159,0.02129,0.11,hv,hv70678391,2018-11-08T00:59:50.480Z,"7km ENE of Pahala, Hawaii",earthquake,0.68,0.8,0.02,3,automatic,hv,hv
2018-11-08T00:56:08.554Z,63.1542,-150.8164,112.8,1.8,ml,,,,0.7,ak,ak20334938,2018-11-08T01:00:39.663Z,"97km WSW of Cantwell, Alaska",earthquake,,0.8,,,automatic,ak,ak
2018-11-08T00:43:58.956Z,60.506,-150.7107,6,2,ml,,,,0.72,ak,ak20334928,2018-11-08T00:46:50.974Z,"4km SE of Sterling, Alaska",earthquake,,0.3,,,automatic,ak,ak
2018-11-08T00:41:49.770Z,38.8375015,-122.7845001,1.01,1.96,md,25,80,0.004653,0.04,nc,nc73108206,2018-11-08T01:05:03.896Z,"6km WNW of Cobb, CA",earthquake,0.16,0.28,0.07,7,automatic,nc,nc
2018-11-08T00:39:07.600Z,46.414,-122.377333333333,-1.09,1.36,ml,10,203,,0.2,uw,uw61503047,2018-11-08T01:22:32.770Z,"17km SSW of Morton, Washington",explosion,0.93,31.61,0.232835151863121,7,reviewed,uw,uw
2018-11-08T00:38:37.430Z,36.0805,-117.8521667,1.91,0.66,ml,9,209,0.07894,0.05,ci,ci38353672,2018-11-08T00:49:44.743Z,"10km ENE of Coso Junction, CA",earthquake,0.27,0.2,0.113,8,reviewed,ci,ci
2018-11-08T00:31:21.560Z,64.4559,-149.3994,12.8,1.6,ml,,,,0.73,ak,ak20334921,2018-11-08T00:37:31.692Z,"19km SW of North Nenana, Alaska",earthquake,,0.2,,,automatic,ak,ak
2018-11-08T00:14:39.514Z,58.2295,-153.0053,43.2,2.6,ml,,,,0.54,ak,ak20334904,2018-11-08T02:27:10.040Z,"56km NNW of Kodiak Station, Alaska",earthquake,,2,,,automatic,ak,ak
2018-11-08T00:06:50.987Z,63.9487,-148.6857,13.3,1.8,ml,,,,0.67,ak,ak20334900,2018-11-08T00:10:57.140Z,"17km NE of Healy, Alaska",earthquake,,0.3,,,automatic,ak,ak
2018-11-08T00:02:24.660Z,19.2296667,-155.4151667,32.72,1.75,md,46,138,0.01842,0.12,hv,hv70678336,2018-11-08T01:28:19.030Z,"7km ENE of Pahala, Hawaii",earthquake,0.52,0.69,0.107,20,reviewed,hv,hv
2018-11-08T00:01:51.430Z,33.5385,-116.4438333,8.88,0.54,ml,14,118,0.02136,0.1,ci,ci38353648,2018-11-08T00:46:39.724Z,"19km SW of La Quinta, CA",earthquake,0.32,0.66,0.14,10,reviewed,ci,ci
2018-11-07T23:55:46.609Z,38.5788,-118.562,6.4,0.8,ml,4,259.86,0.058,0.2148,nn,nn00664675,2018-11-08T02:05:26.490Z,"8km NE of Hawthorne, Nevada",earthquake,,14.3,0,1,reviewed,nn,nn
2018-11-07T23:50:20.670Z,18.6423,-65.0591,22,2.46,md,4,340,0.9348,0.29,pr,pr2018311006,2018-11-08T05:18:34.110Z,"35km NNW of Charlotte Amalie, U.S. Virgin Islands",earthquake,3.68,24.91,0.31,4,reviewed,pr,pr
2018-11-07T23:41:57.560Z,17.8886,-66.9448,14,2.01,md,4,246,0.1281,0.24,pr,pr2018311007,2018-11-08T05:19:24.302Z,"9km SSW of Guanica, Puerto Rico",earthquake,1.61,2.36,0.09,3,reviewed,pr,pr
2018-11-07T23:41:48.880Z,34.6366667,-117.3026667,-0.92,1.05,ml,24,50,0.07902,0.23,ci,ci38353616,2018-11-08T00:44:53.717Z,"11km N of Victorville, CA",quarry blast,0.45,31.61,0.112,15,reviewed,ci,ci
2018-11-07T23:37:16.720Z,33.2293333,-116.7361667,11.48,1.07,ml,41,62,0.02006,0.15,ci,ci38353608,2018-11-08T00:40:51.691Z,"3km ESE of Lake Henshaw, CA",earthquake,0.18,0.49,0.137,22,reviewed,ci,ci
2018-11-07T23:14:44.550Z,37.6271667,-118.8255,8.62,0.73,md,15,112,0.008903,0.04,nc,nc73108196,2018-11-07T23:51:03.478Z,"14km E of Mammoth Lakes, CA",earthquake,0.77,0.43,0.268,13,reviewed,nc,nc
2018-11-07T23:11:53.260Z,56.1373,-149.3119,19.99,3.7,ml,,154,2.448,0.58,us,us1000hp1x,2018-11-08T00:35:19.010Z,"263km SE of Kodiak, Alaska",earthquake,9.8,8.5,0.067,29,reviewed,us,us
2018-11-07T23:11:29.694Z,62.6817,-152.0096,0,1.3,ml,,,,0.83,ak,ak20334889,2018-11-07T23:14:12.843Z,"105km WNW of Talkeetna, Alaska",earthquake,,0.4,,,automatic,ak,ak
2018-11-07T23:09:00.640Z,37.4558333,-121.8156667,6.07,1.01,md,13,91,0.01335,0.08,nc,nc73108191,2018-11-07T23:34:30.019Z,"9km ENE of Milpitas, CA",earthquake,0.31,0.32,0.097,13,reviewed,nc,nc
2018-11-07T22:48:39.740Z,34.1786667,-117.3598333,13.01,0.72,ml,15,73,0.06469,0.11,ci,ci38353568,2018-11-08T00:32:08.056Z,"3km NNW of Muscoy, CA",earthquake,0.35,0.6,0.078,3,reviewed,ci,ci
2018-11-07T22:17:05.995Z,38.6973,-117.0844,0,1.4,ml,5,194.01,0.632,0.2294,nn,nn00664652,2018-11-08T02:05:02.504Z,"71km N of Tonopah, Nevada",explosion,,0,0.06,2,reviewed,nn,nn
2018-11-07T22:15:47.928Z,38.3583,-115.8304,2.8,1.4,ml,6,152.66,0.193,0.0099,nn,nn00664648,2018-11-08T02:05:00.487Z,"50km ENE of Warm Springs, Nevada",earthquake,,7,0,1,reviewed,nn,nn
2018-11-07T21:29:41.232Z,61.8519,-157.685,10,1.6,ml,,,,0.46,ak,ak20334883,2018-11-07T21:37:29.313Z,"115km ESE of Holy Cross, Alaska",earthquake,,0.4,,,automatic,ak,ak
2018-11-07T21:24:39.261Z,39.2935,-114.9162,0,2,ml,8,97.51,0.262,0.826,nn,nn00664638,2018-11-08T02:04:54.058Z,"5km NNW of Ely, Nevada",explosion,,0,0.52,3,reviewed,nn,nn
2018-11-07T21:21:11.240Z,19.4034996,-155.2814941,0.61,1.75,ml,21,52,0.01097,0.09,hv,hv70678141,2018-11-07T21:26:56.110Z,"5km WSW of Volcano, Hawaii",earthquake,0.18,0.24,0.27,9,automatic,hv,hv
2018-11-07T21:15:46.460Z,33.4858333,-116.5378333,11.42,0.62,ml,35,85,0.05451,0.15,ci,ci38353512,2018-11-07T21:24:10.755Z,"15km ESE of Anza, CA",earthquake,0.19,0.4,0.153,13,reviewed,ci,ci
2018-11-07T21:14:40.280Z,33.7828333,-118.8176667,-0.31,1.51,ml,19,104,0.3036,0.18,ci,ci38353504,2018-11-08T05:55:23.781Z,"25km S of Malibu, CA",earthquake,0.37,1.35,0.146,11,reviewed,ci,ci
2018-11-07T21:09:50.180Z,38.8353348,-122.7906647,1.69,1.29,md,16,54,0.00308,0.03,nc,nc73108176,2018-11-07T23:11:02.245Z,"6km WNW of Cobb, CA",earthquake,0.26,0.38,0.08,4,automatic,nc,nc
2018-11-07T21:07:26.880Z,40.4688333,-121.4858333,0.11,0.14,md,6,145,0.0175,0.04,nc,nc73108181,2018-11-07T21:37:03.945Z,"14km NNE of Mineral, CA",earthquake,0.47,0.41,0.348,6,reviewed,nc,nc
2018-11-07T21:05:12.930Z,22.9114,122.5164,23.77,5,mb,,97,1.22,1.03,us,us1000hnz2,2018-11-07T21:27:13.040Z,"141km E of Taitung City, Taiwan",earthquake,5,4.9,0.055,106,reviewed,us,us
2018-11-07T21:03:49.610Z,18.3036,-65.8895,118,2.6,md,17,240,0.1666,0.21,pr,pr2018311005,2018-11-08T03:02:30.040Z,"3km ESE of Vieques, Puerto Rico",earthquake,1.73,0.8,0.47,17,reviewed,pr,pr
2018-11-07T21:00:16.630Z,32.829,-117.0385,-0.13,0.62,ml,19,84,0.01761,0.26,ci,ci38353472,2018-11-07T21:18:49.170Z,"6km W of Santee, CA",quarry blast,0.48,31.61,0.15,4,reviewed,ci,ci
2018-11-07T20:36:28.250Z,33.5071667,-116.5043333,13.57,0.36,ml,17,172,0.05492,0.09,ci,ci38353448,2018-11-07T22:56:54.272Z,"17km ESE of Anza, CA",earthquake,0.34,0.54,0.135,5,reviewed,ci,ci
2018-11-07T20:34:44.080Z,37.325,-122.1068333,-0.26,1.48,md,9,99,0.01452,0.05,nc,nc73108171,2018-11-08T02:42:21.911Z,"3km S of Loyola, CA",quarry blast,0.46,31.61,0.187,7,reviewed,nc,nc
2018-11-07T20:25:45.840Z,19.4025002,-155.2411652,1.88,1.77,ml,25,111,0.01943,0.15,hv,hv70678081,2018-11-07T20:31:31.780Z,"3km S of Volcano, Hawaii",earthquake,0.26,0.33,0.25,9,automatic,hv,hv
2018-11-07T20:24:47.630Z,33.4883333,-116.792,5.6,1.13,ml,56,27,0.02497,0.16,ci,ci38353416,2018-11-07T21:17:44.840Z,"8km NE of Aguanga, CA",earthquake,0.13,0.43,0.103,26,reviewed,ci,ci
2018-11-07T20:19:39.659Z,38.2909,-118.7503,11.6,1.4,ml,13,62.93,0.197,0.1318,nn,nn00664633,2018-11-08T02:04:49.696Z,"28km SSW of Hawthorne, Nevada",earthquake,,1.5,0.27,5,reviewed,nn,nn
2018-11-07T20:15:59.690Z,33.4806667,-116.7893333,3.93,0.33,ml,26,48,0.03293,0.15,ci,ci38353400,2018-11-07T21:09:24.401Z,"8km ENE of Aguanga, CA",earthquake,0.18,0.39,0.063,8,reviewed,ci,ci
2018-11-07T20:15:31.930Z,52.0776667,-176.1333333,-0.37,-0.63,ml,5,132,0.02437,0.06,av,av70810279,2018-11-08T00:03:53.710Z,"42km ENE of Adak, Alaska",earthquake,0.32,0.25,0.262,4,reviewed,av,av
2018-11-07T20:05:03.860Z,46.0096667,-112.4711667,-2,1.71,ml,8,113,0.06,0.11,mb,mb80322394,2018-11-07T20:42:31.210Z,"4km E of Butte, Montana",quarry blast,0.63,31.61,0.228,8,reviewed,mb,mb
2018-11-07T20:02:47.650Z,36.0358333,-121.5781667,9.17,1.49,md,15,180,0.222,0.07,nc,nc73108151,2018-11-08T03:57:03.277Z,"2km NNW of Lopez Point, CA",earthquake,0.44,1.73,0.235,14,reviewed,nc,nc
2018-11-07T20:01:20.600Z,61.5177,-146.5131,19,2,ml,,,,0.73,ak,ak20334721,2018-11-07T20:30:33.431Z,"44km NNW of Valdez, Alaska",earthquake,,0.4,,,automatic,ak,ak
2018-11-07T19:57:57.650Z,34.9923333,-118.1876667,-1.18,1.51,ml,8,136,0.1181,0.19,ci,ci38353368,2018-11-07T21:09:14.503Z,"7km S of Mojave, CA",quarry blast,0.6,31.61,0.147,8,reviewed,ci,ci
2018-11-07T19:57:56.106Z,69.3341,-143.7307,0.9,2.9,ml,,,,0.94,ak,ak20334720,2018-11-07T20:10:54.108Z,"89km S of Kaktovik, Alaska",earthquake,,3.5,,,automatic,ak,ak
2018-11-07T19:49:38.530Z,36.6001,-117.0832,6.3,-0.1,ml,6,269.3,0.152,0.1684,nn,nn00664673,2018-11-08T02:05:25.135Z,"44km SW of Beatty, Nevada",earthquake,,4.1,0.32,6,reviewed,nn,nn
2018-11-07T19:36:13.870Z,33.4901667,-116.783,3.91,0.55,ml,23,81,0.02647,0.13,ci,ci38353288,2018-11-07T21:05:27.474Z,"9km NE of Aguanga, CA",earthquake,0.19,0.38,0.096,17,reviewed,ci,ci
2018-11-07T19:28:52.810Z,51.7333333,-178.7915,15.93,0.8,ml,4,290,0.02951,0.27,av,av61813796,2018-11-08T01:11:42.400Z,"47km WSW of Tanaga Volcano, Alaska",earthquake,4.9,1.84,0.293,2,reviewed,av,av
2018-11-07T19:28:52.270Z,33.9881667,-116.9258333,9.52,0.74,ml,21,180,0.1087,0.13,ci,ci38353264,2018-11-07T21:02:11.734Z,"8km NE of Beaumont, CA",earthquake,0.34,0.98,0.208,14,reviewed,ci,ci
2018-11-07T19:24:19.310Z,33.9876667,-116.9303333,7.38,0.98,ml,35,64,0.0782,0.12,ci,ci38353256,2018-11-07T20:58:54.593Z,"8km NNE of Beaumont, CA",earthquake,0.18,0.74,0.159,19,reviewed,ci,ci
2018-11-07T19:20:50.799Z,69.301,-144.1033,0,2.7,ml,,,,1,ak,ak20334712,2018-11-07T19:30:45.514Z,"94km SSW of Kaktovik, Alaska",earthquake,,0.8,,,automatic,ak,ak
2018-11-07T19:10:06.723Z,63.4817,-155.2277,8.2,2,ml,,,,1.28,ak,ak20334710,2018-11-07T19:14:49.929Z,"61km NNE of McGrath, Alaska",earthquake,,0.2,,,automatic,ak,ak
2018-11-07T19:02:56.310Z,33.5123333,-116.7963333,4.34,0.17,ml,17,70,0.003356,0.08,ci,ci38353208,2018-11-07T20:47:32.305Z,"10km NE of Aguanga, CA",earthquake,0.19,0.25,0.065,9,reviewed,ci,ci
2018-11-07T19:01:46.600Z,38.8095016,-122.7959976,1.57,0.96,md,14,72,0.01254,0.05,nc,nc73108136,2018-11-07T19:35:02.961Z,"5km NW of The Geysers, CA",earthquake,0.33,0.47,0.08,4,automatic,nc,nc
2018-11-07T18:50:22.970Z,38.838665,-122.7558365,0.87,1.35,md,11,125,0.0137,0.03,nc,nc73108131,2018-11-07T20:16:03.209Z,"3km WNW of Cobb, CA",earthquake,0.29,0.64,0.08,3,automatic,nc,nc
2018-11-07T18:47:13.409Z,63.1768,-152.7433,8.6,1.4,ml,,,,0.55,ak,ak20334705,2018-11-07T18:50:25.771Z,"146km E of McGrath, Alaska",earthquake,,0.5,,,automatic,ak,ak
2018-11-07T18:46:20.560Z,52.0583333,-176.1365,0.61,-1.08,ml,4,171,0.007278,0.12,av,av70810274,2018-11-07T23:57:57.270Z,"40km ENE of Adak, Alaska",earthquake,1,0.55,0.056,4,reviewed,av,av
2018-11-07T18:44:41.390Z,52.0778333,-176.1315,-0.56,-0.49,ml,5,134,0.02493,0.07,av,av70810269,2018-11-07T23:55:42.580Z,"42km ENE of Adak, Alaska",earthquake,0.26,0.22,0.166,4,reviewed,av,av
2018-11-07T18:43:17.580Z,45.8583333,-111.3461667,5.98,0.87,ml,4,200,0.307,0.1,mb,mb80322369,2018-11-07T20:45:45.050Z,"1km W of Manhattan, Montana",earthquake,1.1,7.49,0.037,2,reviewed,mb,mb
2018-11-07T18:37:10.010Z,33.8401667,-117.484,-0.62,1.48,ml,40,62,0.1133,0.19,ci,ci38353168,2018-11-07T20:45:06.361Z,"5km SE of Home Gardens, CA",quarry blast,0.26,31.61,0.181,23,reviewed,ci,ci
2018-11-07T18:36:11.370Z,-8.105,116.7771,10,4.8,mb,,66,2.623,0.85,us,us1000hnvh,2018-11-07T20:05:08.040Z,"27km NE of Belanting, Indonesia",earthquake,7.9,1.9,0.105,28,reviewed,us,us
2018-11-07T18:29:06.280Z,60.4781667,-152.7688333,0.69,-0.47,ml,7,102,,0.11,av,av70810314,2018-11-08T01:01:42.250Z,"1km WSW of Redoubt Volcano, Alaska",earthquake,0.27,0.41,0.198,6,reviewed,av,av
2018-11-07T18:24:27.572Z,61.3092,-151.9523,86.1,2.7,ml,,,,0.48,ak,ak20334611,2018-11-07T18:37:02.739Z,"77km NNW of Nikiski, Alaska",earthquake,,0.4,,,automatic,ak,ak
2018-11-07T18:21:31.557Z,57.8587,-156.2154,135.5,2,ml,,,,0.78,ak,ak20334608,2018-11-07T18:26:01.937Z,"96km SSE of King Salmon, Alaska",earthquake,,0.7,,,automatic,ak,ak
2018-11-07T18:18:31.740Z,38.375,-118.9071,11.1,1.3,ml,11,74.27,0.339,0.1392,nn,nn00664622,2018-11-08T02:04:42.008Z,"29km SW of Hawthorne, Nevada",earthquake,,2.1,0.19,7,reviewed,nn,nn
2018-11-07T18:12:53.590Z,18.6623,-65.0905,26,2.84,md,6,335,0.9196,0.14,pr,pr2018311004,2018-11-07T19:05:25.600Z,"39km NNW of Charlotte Amalie, U.S. Virgin Islands",earthquake,1.56,12.8,0.41,5,reviewed,pr,pr
2018-11-07T18:03:05.310Z,19.537,-68.4493,81,3.35,md,5,259,1.0253,0.17,pr,pr2018311003,2018-11-07T19:05:09.916Z,"87km NE of Miches, Dominican Republic",earthquake,6.47,10.35,0.01,4,reviewed,pr,pr
2018-11-07T17:59:16.510Z,33.49,-116.7891667,4.18,0.01,ml,10,181,0.02419,0.08,ci,ci38353064,2018-11-07T20:13:31.521Z,"9km NE of Aguanga, CA",earthquake,0.35,0.43,0.004,1,reviewed,ci,ci
2018-11-07T17:50:34.375Z,37.8487,-115.8642,2.1,0.7,ml,7,156.32,0.546,0.1247,nn,nn00664619,2018-11-08T02:04:39.451Z,"58km SE of Warm Springs, Nevada",earthquake,,7.3,0.18,3,reviewed,nn,nn
2018-11-07T17:49:17.990Z,33.4916667,-116.7893333,3.86,0.58,ml,24,60,0.02261,0.12,ci,ci38353040,2018-11-07T20:38:53.324Z,"9km NE of Aguanga, CA",earthquake,0.18,0.35,0.086,17,reviewed,ci,ci
2018-11-07T17:43:20.790Z,38.8240013,-122.8538361,2.05,1.5,md,19,153,0.00426,0.04,nc,nc73108121,2018-11-07T19:22:02.882Z,"10km WNW of The Geysers, CA",earthquake,0.67,0.46,0.11,5,automatic,nc,nc
2018-11-07T17:41:58.590Z,36.49,-121.0756667,6.91,1.71,md,27,71,0.07568,0.09,nc,nc73108116,2018-11-08T02:50:02.874Z,"8km SE of Pinnacles, CA",earthquake,0.22,0.7,0.327,24,reviewed,nc,nc
2018-11-07T17:41:43.930Z,52.0743333,-176.1248333,0.33,-0.59,ml,4,209,0.02381,0.07,av,av70810264,2018-11-07T23:43:31.240Z,"42km ENE of Adak, Alaska",earthquake,0.67,0.28,0.114,4,reviewed,av,av
2018-11-07T17:41:23.180Z,33.629,-116.9143333,15.16,1.05,ml,40,30,0.05552,0.2,ci,ci38353024,2018-11-07T18:19:24.770Z,"13km S of Valle Vista, CA",earthquake,0.25,0.38,0.26,27,reviewed,ci,ci
2018-11-07T17:32:53.420Z,11.9773,-86.7785,65.46,4.6,mb,,123,0.546,0.75,us,us2000i848,2018-11-07T21:56:28.040Z,"29km W of Carlos Fonseca Amador, Nicaragua",earthquake,6.5,8.2,0.05,120,reviewed,us,us
2018-11-07T17:27:47.930Z,44.1221,82.5216,10,4.5,mb,,59,2.676,0.92,us,us2000i841,2018-11-07T21:12:37.040Z,"105km ENE of Yining Xian, China",earthquake,8.2,1.9,0.091,36,reviewed,us,us
2018-11-07T17:26:47.330Z,52.0763333,-176.1373333,-0.23,-0.71,ml,5,128,0.02235,0.07,av,av61813736,2018-11-07T23:35:34.020Z,"41km ENE of Adak, Alaska",earthquake,0.33,0.25,0.187,4,reviewed,av,av
2018-11-07T17:21:23.000Z,35.6695,-121.089,6.55,1.09,md,24,129,0.1537,0.05,nc,nc73108111,2018-11-08T03:09:56.814Z,"10km ENE of San Simeon, CA",earthquake,0.15,0.97,0.218,8,reviewed,nc,nc
2018-11-07T17:14:45.482Z,37.1386,-116.2792,8.2,0,ml,24,80,0.034,0.1488,nn,nn00664616,2018-11-08T02:04:37.702Z,"49km ENE of Beatty, Nevada",earthquake,,1,0.41,16,reviewed,nn,nn
2018-11-07T17:11:22.240Z,52.0763333,-176.1401667,-0.17,-0.19,ml,5,126,0.02195,0.13,av,av61813721,2018-11-07T23:33:23.850Z,"41km ENE of Adak, Alaska",earthquake,0.41,0.34,0.377,5,reviewed,av,av
2018-11-07T17:10:36.000Z,33.515,-116.5035,12.71,0.65,ml,24,109,0.04821,0.18,ci,ci38353008,2018-11-07T18:17:59.978Z,"16km ESE of Anza, CA",earthquake,0.41,0.64,0.078,18,reviewed,ci,ci
2018-11-07T17:05:08.050Z,36.6756667,-121.3065,5.39,1.48,md,23,106,0.06501,0.07,nc,nc73108106,2018-11-08T02:40:03.821Z,"13km S of Tres Pinos, CA",earthquake,0.22,0.99,0.286,21,reviewed,nc,nc
2018-11-07T16:52:29.245Z,57.4699,-156.3938,108.3,2.8,ml,,,,0.76,ak,ak20334525,2018-11-07T17:05:55.578Z,"136km S of King Salmon, Alaska",earthquake,,0.6,,,automatic,ak,ak
2018-11-07T16:51:56.299Z,55.0022,-160.404,7.1,3.3,ml,,,,0.95,ak,ak20334524,2018-11-07T21:23:14.559Z,"37km S of Sand Point, Alaska",earthquake,,1.1,,,reviewed,ak,ak
2018-11-07T16:48:19.348Z,38.3774,-118.8887,10.8,0.9,ml,6,174,0.327,0.0914,nn,nn00664670,2018-11-08T02:05:23.682Z,"28km SW of Hawthorne, Nevada",earthquake,,10.1,0,1,reviewed,nn,nn
2018-11-07T16:36:06.710Z,36.0566667,-117.5956667,4,-0.14,ml,8,92,0.08643,0.09,ci,ci38352960,2018-11-07T20:35:06.298Z,"31km ENE of Little Lake, CA",earthquake,0.23,0.65,0.189,4,reviewed,ci,ci
2018-11-07T16:27:11.755Z,38.2983,-118.7396,6.9,0.2,ml,4,283,0.19,0.0255,nn,nn00664669,2018-11-08T02:05:22.219Z,"27km SSW of Hawthorne, Nevada",earthquake,,19.8,0.33,2,reviewed,nn,nn
2018-11-07T16:21:09.491Z,38.2985,-118.7378,8.1,0.3,ml,4,282.64,0.189,0.0311,nn,nn00664668,2018-11-08T02:05:20.838Z,"26km SSW of Hawthorne, Nevada",earthquake,,24.6,0.02,2,reviewed,nn,nn
2018-11-07T16:01:22.250Z,33.2288333,-116.7353333,11.55,0.99,ml,42,30,0.07954,0.17,ci,ci38352920,2018-11-07T18:19:28.950Z,"3km ESE of Lake Henshaw, CA",earthquake,0.22,0.65,0.141,26,reviewed,ci,ci
2018-11-07T15:53:57.040Z,36.6853333,-121.3276667,5.2,0.97,md,14,149,0.07505,0.09,nc,nc73108101,2018-11-07T19:15:03.843Z,"12km S of Tres Pinos, CA",earthquake,0.46,1.55,0.31,12,reviewed,nc,nc
2018-11-07T15:52:49.223Z,36.6472,-115.986,6.1,0,ml,6,234.46,0.024,0.1159,nn,nn00664667,2018-11-08T02:05:19.506Z,"48km N of Pahrump, Nevada",earthquake,,2.9,0.09,2,reviewed,nn,nn
2018-11-07T15:47:47.440Z,33.5026667,-116.796,2.56,0.4,ml,14,106,0.01034,0.07,ci,ci38352912,2018-11-07T20:08:57.971Z,"9km NE of Aguanga, CA",earthquake,0.2,0.12,0.14,8,reviewed,ci,ci
2018-11-07T15:46:04.398Z,37.1739,-117.2698,8.7,0.1,ml,6,172.5,0.27,0.1063,nn,nn00664666,2018-11-08T02:05:18.070Z,"54km WNW of Beatty, Nevada",earthquake,,10,0.38,3,reviewed,nn,nn
2018-11-07T15:41:05.050Z,33.6153333,-115.9516667,7.84,0.97,ml,21,105,0.05103,0.12,ci,ci38352904,2018-11-07T20:04:38.381Z,"10km N of North Shore, CA",earthquake,0.29,0.45,0.203,23,reviewed,ci,ci
2018-11-07T15:39:18.196Z,38.2966,-118.7394,7.7,0.2,ml,4,283.32,0.19,0.0228,nn,nn00664665,2018-11-08T02:05:16.578Z,"27km SSW of Hawthorne, Nevada",earthquake,,19.9,0,1,reviewed,nn,nn
2018-11-07T15:28:08.128Z,37.9438,-116.1333,6.4,0.3,ml,8,189.76,0.592,0.281,nn,nn00664664,2018-11-08T02:05:15.228Z,"34km SE of Warm Springs, Nevada",earthquake,,10.5,0.5,5,reviewed,nn,nn
2018-11-07T15:22:21.830Z,38.8338333,-122.8778333,1.78,1.34,md,39,63,0.006203,0.04,nc,nc73108096,2018-11-08T02:56:02.914Z,"12km WNW of The Geysers, CA",earthquake,0.16,0.19,0.152,9,reviewed,nc,nc
2018-11-07T15:12:31.640Z,18.1503,-68.0536,94,2.94,md,8,197,0.4895,0.33,pr,pr2018311002,2018-11-07T18:23:33.390Z,"60km SE of Punta Cana, Dominican Republic",earthquake,3.7,1.84,0.3,7,reviewed,pr,pr
2018-11-07T14:52:05.870Z,33.4871667,-116.7805,4.89,0.17,ml,22,71,0.03012,0.13,ci,ci38352864,2018-11-07T20:23:00.229Z,"9km ENE of Aguanga, CA",earthquake,0.23,0.64,0.08,7,reviewed,ci,ci
2018-11-07T14:50:52.544Z,60.4312,-147.4482,11.6,1.8,ml,,,,0.66,ak,ak20334444,2018-11-07T14:56:19.449Z,"77km ESE of Whittier, Alaska",earthquake,,0.3,,,automatic,ak,ak
2018-11-07T14:45:16.930Z,63.5999,-150.6914,10.5,1.5,ml,,,,0.48,ak,ak20334443,2018-11-07T14:48:25.390Z,"89km WSW of Healy, Alaska",earthquake,,0.2,,,automatic,ak,ak
2018-11-07T14:41:24.280Z,46.8981667,-112.5186667,13.67,1.69,ml,11,110,0.11,0.13,mb,mb80322319,2018-11-07T15:29:52.830Z,"13km ESE of Lincoln, Montana",earthquake,0.43,0.55,0.041,2,reviewed,mb,mb
2018-11-07T14:34:58.970Z,38.786,-122.7621667,0.6,1.23,md,33,61,0.01551,0.08,nc,nc73108086,2018-11-08T02:02:02.586Z,"1km NNW of The Geysers, CA",earthquake,0.16,0.34,0.097,8,reviewed,nc,nc
2018-11-07T14:31:45.808Z,37.1714,-117.4003,12.7,-0.4,ml,3,165.18,0.205,0.0001,nn,nn00664662,2018-11-08T02:05:13.784Z,"61km SSW of Goldfield, Nevada",earthquake,,30.5,0.33,2,reviewed,nn,nn
2018-11-07T14:20:01.230Z,33.499,-116.5118333,13.73,1.17,ml,64,60,0.0605,0.18,ci,ci38352848,2018-11-07T20:09:36.770Z,"16km ESE of Anza, CA",earthquake,0.15,0.25,0.148,35,reviewed,ci,ci
2018-11-07T14:13:11.430Z,33.5005,-116.505,13.93,1.03,ml,46,73,0.06086,0.13,ci,ci38352840,2018-11-07T19:28:10.960Z,"17km ESE of Anza, CA",earthquake,0.17,0.26,0.13,23,reviewed,ci,ci
2018-11-07T14:12:30.280Z,33.5036667,-116.4973333,13.85,0.55,ml,23,131,0.06061,0.17,ci,ci38352832,2018-11-07T14:27:04.414Z,"17km ESE of Anza, CA",earthquake,0.42,0.65,0.162,14,reviewed,ci,ci
2018-11-07T14:10:53.161Z,38.2825,-118.7158,12.3,0.1,ml,4,322.05,0.169,0.08,nn,nn00664661,2018-11-08T02:05:11.683Z,"28km SSW of Hawthorne, Nevada",earthquake,,11.1,0,1,reviewed,nn,nn
2018-11-07T13:59:38.575Z,36.614,-116.2424,5.9,0.1,ml,18,113.19,0.103,0.1404,nn,nn00664609,2018-11-08T02:04:35.750Z,"50km NNW of Pahrump, Nevada",earthquake,,2.1,0.42,11,reviewed,nn,nn
2018-11-07T13:43:10.600Z,37.661,-118.94,2.2,0.27,md,17,101,0.005037,0.04,nc,nc73108051,2018-11-07T17:59:48.246Z,"4km NE of Mammoth Lakes, CA",earthquake,0.64,0.66,0.196,16,reviewed,nc,nc
2018-11-07T13:40:57.318Z,60.2395,-152.3429,91.2,1.9,ml,,,,0.63,ak,ak20334437,2018-11-07T13:45:15.174Z,"35km SE of Redoubt Volcano, Alaska",earthquake,,0.4,,,automatic,ak,ak
2018-11-07T13:35:46.600Z,53.7903333,-166.63,13.28,-0.27,ml,4,223,0.07238,0.19,av,av70810244,2018-11-07T23:08:44.160Z,"11km SSW of Unalaska, Alaska",earthquake,1.37,1.56,0.222,4,reviewed,av,av
2018-11-07T13:32:53.430Z,33.9498333,-116.7355,9.82,0.71,ml,22,74,0.1042,0.16,ci,ci38352816,2018-11-07T14:04:18.756Z,"6km NE of Cabazon, CA",earthquake,0.3,0.68,0.152,14,reviewed,ci,ci
2018-11-07T13:32:34.150Z,19.166666,-155.4671631,29.37,1.8,md,41,94,0.01217,0.23,hv,hv70677586,2018-11-07T13:36:07.370Z,"4km SSE of Pahala, Hawaii",earthquake,0.65,1.18,0.17,3,automatic,hv,hv
2018-11-07T13:25:07.940Z,33.5065,-116.4995,13.92,0.6,ml,24,89,0.05727,0.13,ci,ci38352784,2018-11-07T14:04:19.756Z,"17km ESE of Anza, CA",earthquake,0.27,0.44,0.103,18,reviewed,ci,ci
2018-11-07T13:17:38.992Z,37.1491,-117.2472,12.3,-0.3,ml,5,315.9,0.24,0.1258,nn,nn00664660,2018-11-08T02:05:10.328Z,"50km WNW of Beatty, Nevada",earthquake,,11.5,0.58,4,reviewed,nn,nn
2018-11-07T13:15:22.670Z,33.512,-116.7921667,2.6,0.01,ml,14,138,0.006847,0.1,ci,ci38352776,2018-11-07T17:47:43.794Z,"10km NE of Aguanga, CA",earthquake,0.26,0.14,,2,reviewed,ci,ci
2018-11-07T13:04:12.790Z,19.3753338,-155.0436707,1.88,1.92,ml,43,168,0.04008,0.29,hv,hv70677561,2018-11-07T13:09:57.100Z,"15km SSE of Fern Acres, Hawaii",earthquake,0.66,0.48,0.22,5,automatic,hv,hv
2018-11-07T12:59:26.354Z,61.0286,-151.8409,97.5,1.9,ml,,,,0.61,ak,ak20334368,2018-11-07T13:03:04.387Z,"48km NW of Nikiski, Alaska",earthquake,,0.9,,,automatic,ak,ak
2018-11-07T12:57:48.100Z,-55.6743,-26.8676,10,4.7,mb,,81,5.713,0.71,us,us2000i7zw,2018-11-07T13:17:56.040Z,"116km N of Visokoi Island, South Georgia and the South Sandwich Islands",earthquake,7.2,1.9,0.089,38,reviewed,us,us
2018-11-07T12:56:04.364Z,39.6345,-119.841,3.4,0.3,ml,5,183.81,0.056,0.1793,nn,nn00664659,2018-11-08T02:05:09.059Z,"0km SE of Lemmon Valley, Nevada",earthquake,,13.9,0.63,3,reviewed,nn,nn
2018-11-07T12:54:35.380Z,33.5093333,-116.5076667,13.08,0.18,ml,14,183,0.05184,0.11,ci,ci37200284,2018-11-07T19:03:14.832Z,"16km ESE of Anza, CA",earthquake,0.53,0.68,0.135,3,reviewed,ci,ci
2018-11-07T12:54:06.150Z,34.0205,-116.7443333,12.68,0.41,ml,14,108,0.05468,0.11,ci,ci38352768,2018-11-07T19:00:14.247Z,"12km NNE of Cabazon, CA",earthquake,0.35,0.65,0.146,5,reviewed,ci,ci
2018-11-07T12:43:16.740Z,33.494,-116.7961667,3.88,0.3,ml,23,62,0.01865,0.11,ci,ci38352760,2018-11-07T18:56:58.223Z,"9km NE of Aguanga, CA",earthquake,0.21,0.32,0.072,7,reviewed,ci,ci
2018-11-07T12:40:51.160Z,33.9886667,-116.9336667,7.52,0.74,ml,27,118,0.07761,0.13,ci,ci38352752,2018-11-07T18:54:52.214Z,"8km NNE of Beaumont, CA",earthquake,0.23,0.64,0.286,17,reviewed,ci,ci
2018-11-07T12:26:39.646Z,59.8448,-153.0718,93.8,2.4,ml,,,,0.65,ak,ak20334360,2018-11-07T12:45:28.040Z,"70km W of Anchor Point, Alaska",earthquake,,0.4,,,automatic,ak,ak
2018-11-07T12:14:01.406Z,40.0173,-117.8702,2.5,1.9,ml,9,86.38,0.646,0.0994,nn,nn00664606,2018-11-08T02:04:33.536Z,"54km ESE of Lovelock, Nevada",earthquake,,7.4,0.15,4,reviewed,nn,nn
2018-11-07T12:13:34.750Z,33.3046667,-116.2785,8.64,0.88,ml,42,138,0.07742,0.17,ci,ci38352720,2018-11-07T18:34:11.094Z,"10km ENE of Borrego Springs, CA",earthquake,0.26,0.6,0.111,20,reviewed,ci,ci
2018-11-07T11:55:00.100Z,46.9515,-113.3353333,7.33,0.47,ml,4,131,0.068,0.01,mb,mb80322389,2018-11-07T19:15:44.930Z,"27km SSE of Seeley Lake, Montana",earthquake,0.62,1.41,,0,reviewed,mb,mb
2018-11-07T11:54:44.450Z,35.8846667,-120.3096667,9.2,1.16,md,35,179,0.05504,0.06,nc,nc73107981,2018-11-07T21:26:02.615Z,"11km E of Parkfield, CA",earthquake,0.41,0.3,0.141,15,reviewed,nc,nc
2018-11-07T11:50:55.040Z,52.0378333,-176.1081667,-1.8,-0.96,ml,5,151,0.02929,0.17,av,av70810239,2018-11-07T23:04:58.950Z,"41km ENE of Adak, Alaska",earthquake,0.4,1.67,0.31,4,reviewed,av,av
2018-11-07T11:46:29.210Z,52.0328333,-176.1153333,-1.76,-0.79,ml,4,159,0.02936,0.31,av,av70810234,2018-11-07T22:59:36.490Z,"41km ENE of Adak, Alaska",earthquake,1,2.68,0.314,3,reviewed,av,av
2018-11-07T11:35:26.230Z,48.068,-27.7808,10,4.7,mb,,110,10.43,0.38,us,us2000i7yv,2018-11-07T13:27:08.040Z,"Northern Mid-Atlantic Ridge",earthquake,11.6,1.9,0.05,122,reviewed,us,us
2018-11-07T11:32:12.370Z,33.503,-116.4996667,14.18,0.54,ml,22,102,0.06033,0.12,ci,ci38352696,2018-11-07T14:05:03.760Z,"17km ESE of Anza, CA",earthquake,0.3,0.47,0.123,13,reviewed,ci,ci
2018-11-07T11:31:59.281Z,62.2041,-145.569,4.3,1.7,ml,,,,1.22,ak,ak20334355,2018-11-07T11:38:13.493Z,"10km N of Glennallen, Alaska",earthquake,,0.3,,,automatic,ak,ak
2018-11-07T11:23:22.650Z,33.4908333,-116.7925,4.17,0.28,ml,13,108,0.0875,0.08,ci,ci38352688,2018-11-07T14:05:18.763Z,"9km NE of Aguanga, CA",earthquake,0.2,0.46,0.121,6,reviewed,ci,ci
2018-11-07T11:19:18.820Z,37.6393333,-118.9313333,5.47,0.37,md,21,72,0.02555,0.04,nc,nc73107971,2018-11-07T20:16:04.209Z,"4km E of Mammoth Lakes, CA",earthquake,0.44,0.59,0.191,18,reviewed,nc,nc
2018-11-07T11:17:41.550Z,33.5146667,-116.7993333,4.58,-0.02,ml,21,58,0.002443,0.12,ci,ci38352680,2018-11-07T18:20:44.015Z,"10km NE of Aguanga, CA",earthquake,0.21,0.37,0.039,4,reviewed,ci,ci
2018-11-07T11:15:30.350Z,52.0455,-176.127,2.96,-0.7,ml,4,120,0.01537,0.06,av,av70810229,2018-11-07T22:56:55.150Z,"40km ENE of Adak, Alaska",earthquake,0.49,0.71,0.297,4,reviewed,av,av
2018-11-07T11:10:57.380Z,37.639,-118.9303333,5.79,0.55,md,23,65,0.02513,0.04,nc,nc73107966,2018-11-07T18:34:02.478Z,"4km E of Mammoth Lakes, CA",earthquake,0.34,0.41,0.332,20,reviewed,nc,nc
2018-11-07T11:02:43.860Z,52.0411667,-176.1353333,2.86,-0.54,ml,4,123,0.01538,0.16,av,av70810219,2018-11-07T22:45:17.020Z,"40km ENE of Adak, Alaska",earthquake,0.73,1.27,0.39,4,reviewed,av,av
2018-11-07T10:59:45.950Z,47.5911667,-113.6775,12.57,-0.43,md,4,289,0.233,0.03,mb,mb80322384,2018-11-07T19:05:05.700Z,"32km ENE of Ronan, Montana",earthquake,1.29,1.98,,1,reviewed,mb,mb
2018-11-07T10:55:29.320Z,58.2355,-155.188,10.42,-1.28,ml,5,205,0.007253,0.29,av,av61813571,2018-11-07T21:56:43.780Z,"99km ESE of King Salmon, Alaska",earthquake,2.91,1.89,0.322,5,reviewed,av,av
2018-11-07T10:55:13.810Z,20.1116667,-156.1241667,31.76,2.26,md,34,177,0.2224,0.13,hv,hv70677446,2018-11-07T19:34:23.190Z,"33km WSW of Hawi, Hawaii",earthquake,0.53,1.41,0.072,17,reviewed,hv,hv
2018-11-07T10:49:11.000Z,45.8541667,-111.3651667,3.84,0.82,ml,8,112,0.315,0.08,mb,mb80322459,2018-11-07T22:44:44.970Z,"2km W of Manhattan, Montana",earthquake,0.5,7.95,0.057,3,reviewed,mb,mb
2018-11-07T10:46:49.750Z,33.5133333,-116.798,3.8,0.13,ml,21,57,0.002186,0.1,ci,ci38352672,2018-11-07T18:11:14.955Z,"10km NE of Aguanga, CA",earthquake,0.17,0.32,0.033,5,reviewed,ci,ci
2018-11-07T10:40:48.310Z,48.0963333,-114.2145,6.11,0.84,ml,6,271,0.132,0.05,mb,mb80322379,2018-11-07T19:02:25.560Z,"1km NNE of Somers, Montana",earthquake,1.28,1.89,0.333,2,reviewed,mb,mb
2018-11-07T10:34:29.510Z,61.028,-152.3061667,11.99,0.68,ml,13,162,0.169,0.14,av,av70810214,2018-11-07T22:30:31.820Z,"64km NNE of Redoubt Volcano, Alaska",earthquake,0.72,1.37,0.324,13,reviewed,av,av
2018-11-07T10:26:20.250Z,33.5015,-116.4986667,14.22,0.12,ml,19,91,0.06204,0.12,ci,ci38352664,2018-11-07T18:06:07.920Z,"17km ESE of Anza, CA",earthquake,0.28,0.51,0.069,6,reviewed,ci,ci
2018-11-07T10:21:33.570Z,12.9818,-90.5422,10,4.7,mb,,140,1.455,0.85,us,us2000i7xq,2018-11-07T10:48:40.040Z,"102km SW of Acajutla, El Salvador",earthquake,6.1,1.9,0.029,371,reviewed,us,us
2018-11-07T10:17:12.790Z,33.5135,-116.7923333,4.08,0.29,ml,15,73,0.006792,0.13,ci,ci38352656,2018-11-07T14:05:32.765Z,"10km NE of Aguanga, CA",earthquake,0.28,0.44,0.126,6,reviewed,ci,ci
2018-11-07T10:13:40.630Z,37.1181667,-122.334,9.69,1.91,md,49,199,0.08088,0.11,nc,nc73107936,2018-11-08T03:24:03.070Z,"18km WNW of Bonny Doon, CA",earthquake,0.26,0.37,0.113,47,reviewed,nc,nc
2018-11-07T10:12:08.888Z,61.0213,-152.3852,5.9,2.7,ml,,,,0.73,ak,ak20334334,2018-11-07T22:12:37.260Z,"62km NNE of Redoubt Volcano, Alaska",earthquake,,0.2,,,automatic,ak,ak
2018-11-07T10:12:07.230Z,38.838665,-122.828331,2.14,0.88,md,15,134,0.005589,0.01,nc,nc73107931,2018-11-07T10:32:03.023Z,"9km NW of The Geysers, CA",earthquake,0.33,0.48,0.1,3,automatic,nc,nc
2018-11-07T10:05:37.560Z,46.8636667,-112.521,15.75,0.8,ml,7,101,0.13,0.05,mb,mb80322454,2018-11-07T22:40:08.350Z,"15km SE of Lincoln, Montana",earthquake,0.42,1.06,0.07,2,reviewed,mb,mb
2018-11-07T09:57:23.390Z,33.5068333,-116.5028333,13.93,0.65,ml,25,88,0.05574,0.16,ci,ci38352648,2018-11-07T14:05:50.970Z,"17km ESE of Anza, CA",earthquake,0.31,0.5,0.148,18,reviewed,ci,ci
2018-11-07T09:53:35.930Z,19.1499996,-155.4773407,31.93,1.82,md,39,166,0.1152,0.13,hv,hv70677396,2018-11-07T09:56:50.550Z,"6km S of Pahala, Hawaii",earthquake,0.65,1,0.19,6,automatic,hv,hv
2018-11-07T09:53:17.920Z,36.1515,-118.0688333,1.65,1.71,ml,21,109,0.1765,0.18,ci,ci38352640,2018-11-07T14:06:03.454Z,"16km SSW of Olancha, CA",earthquake,0.32,1.3,0.233,25,reviewed,ci,ci
2018-11-07T09:42:28.800Z,-2.9266,119.3907,26.43,5.3,mww,,40,2.104,1.06,us,us2000i7x0,2018-11-07T17:48:31.040Z,"2km NE of Mamasa, Indonesia",earthquake,6.1,3.7,0.073,18,reviewed,us,us
2018-11-07T09:40:48.710Z,33.5133333,-116.7938333,4.02,0.46,ml,21,49,0.005529,0.15,ci,ci38352632,2018-11-07T14:07:12.770Z,"10km NE of Aguanga, CA",earthquake,0.21,0.57,0.112,11,reviewed,ci,ci
2018-11-07T09:40:01.802Z,37.1629,-117.3748,10.7,-0.1,ml,8,163.86,0.227,0.0955,nn,nn00664657,2018-11-08T02:05:06.174Z,"61km WNW of Beatty, Nevada",earthquake,,5.5,0.24,5,reviewed,nn,nn
2018-11-07T09:37:21.150Z,18.3251,-68.28,82,2.96,md,8,228,0.2143,0.55,pr,pr2018311001,2018-11-07T11:48:02.572Z,"31km SSE of Punta Cana, Dominican Republic",earthquake,6.12,5.01,0.35,6,reviewed,pr,pr
2018-11-07T09:37:00.620Z,34.972,-118.72,6.97,1.19,ml,20,55,0.05844,0.1,ci,ci38352624,2018-11-07T18:01:04.892Z,"19km E of Grapevine, CA",earthquake,0.19,0.33,0.195,17,reviewed,ci,ci
2018-11-07T09:25:53.580Z,35.8913345,-120.3133316,6.99,1.81,md,26,175,0.04489,0.15,nc,nc73107896,2018-11-07T11:47:02.484Z,"11km E of Parkfield, CA",earthquake,0.69,0.65,0.22,10,automatic,nc,nc
2018-11-07T09:25:51.130Z,42.3696666666667,-121.934,12.45,1.98,ml,10,99,,0.23,uw,uw61502791,2018-11-07T16:46:21.330Z,"20km NW of Klamath Falls, Oregon",earthquake,0.52,2.63,0.15108523891132,9,reviewed,uw,uw
2018-11-07T09:21:41.408Z,60.1673,-140.9961,11.4,1.4,ml,,,,0.88,ak,ak20334266,2018-11-07T09:27:41.020Z,"80km E of Cape Yakataga, Alaska",earthquake,,0.2,,,automatic,ak,ak
2018-11-07T09:19:46.760Z,33.5,-116.778,3.59,0.57,ml,32,32,0.02238,0.12,ci,ci38352608,2018-11-07T17:58:35.550Z,"10km NE of Aguanga, CA",earthquake,0.15,0.34,0.094,15,reviewed,ci,ci
2018-11-07T09:12:30.795Z,61.1211,-159.1424,14.8,1.7,ml,,,,0.7,ak,ak20334262,2018-11-07T09:16:04.983Z,"124km SSE of Holy Cross, Alaska",earthquake,,0.2,,,automatic,ak,ak
2018-11-07T09:12:15.630Z,35.8875,-120.3106667,7.87,0.77,md,21,176,0.04928,0.05,nc,nc73107891,2018-11-08T01:47:02.492Z,"11km E of Parkfield, CA",earthquake,0.85,0.84,0.033,7,reviewed,nc,nc
2018-11-07T09:10:58.057Z,62.8776,-149.6242,82.5,1.4,ml,,,,0.38,ak,ak20334260,2018-11-07T09:13:53.758Z,"66km NNE of Talkeetna, Alaska",earthquake,,1,,,automatic,ak,ak
2018-11-07T09:08:57.780Z,33.5228333,-116.803,2.13,0.14,ml,18,70,0.01067,0.15,ci,ci38352600,2018-11-07T14:06:24.224Z,"11km NNE of Aguanga, CA",earthquake,0.32,0.45,0.126,4,reviewed,ci,ci
2018-11-07T09:05:44.520Z,33.5166667,-116.7958333,3.76,0.25,ml,16,70,0.00571,0.11,ci,ci38352592,2018-11-07T14:06:42.107Z,"10km NE of Aguanga, CA",earthquake,0.22,0.61,0.081,5,reviewed,ci,ci
2018-11-07T09:05:20.420Z,33.4906667,-116.7906667,4.33,0.32,ml,22,97,0.02311,0.1,ci,ci38352584,2018-11-07T18:03:20.902Z,"9km NE of Aguanga, CA",earthquake,0.16,0.23,0.121,9,reviewed,ci,ci
2018-11-07T09:04:03.410Z,33.4878333,-116.7891667,5.01,0.06,ml,17,107,0.0262,0.08,ci,ci38352576,2018-11-07T18:08:38.983Z,"9km NE of Aguanga, CA",earthquake,0.2,0.4,0.036,8,reviewed,ci,ci
2018-11-07T08:59:30.400Z,18.0015,-68.4425,76,3.17,md,12,246,0.516,0.53,pr,pr2018311000,2018-11-07T11:47:37.348Z,"45km SSE of Boca de Yuma, Dominican Republic",earthquake,6.22,6.21,0.35,8,reviewed,pr,pr
2018-11-07T08:59:30.150Z,33.1555,-115.737,5.56,1.17,ml,33,62,0.08176,0.19,ci,ci38352568,2018-11-07T18:16:18.670Z,"17km NW of Westmorland, CA",earthquake,0.27,0.62,0.152,19,reviewed,ci,ci
2018-11-07T08:58:36.630Z,33.6295,-116.6873333,12.31,0.36,ml,19,64,0.04089,0.09,ci,ci38352560,2018-11-07T18:17:57.000Z,"8km N of Anza, CA",earthquake,0.2,0.37,0.263,6,reviewed,ci,ci
2018-11-07T08:52:58.420Z,61.8569,-157.6961,0,2,ml,,,,1.11,ak,ak20334254,2018-11-07T08:59:06.699Z,"115km ESE of Holy Cross, Alaska",earthquake,,0.3,,,automatic,ak,ak
2018-11-07T08:50:30.610Z,51.8168333,-178.7428333,6.71,0.5,ml,5,273,0.02228,0.12,av,av61813511,2018-11-07T21:19:08.440Z,"42km W of Tanaga Volcano, Alaska",earthquake,2,0.69,0.111,5,reviewed,av,av
2018-11-07T08:50:02.060Z,33.503,-116.7811667,3.52,0.39,ml,20,59,0.01855,0.15,ci,ci38352544,2018-11-07T14:08:18.410Z,"10km NE of Aguanga, CA",earthquake,0.24,0.56,0.078,10,reviewed,ci,ci
2018-11-07T08:40:53.370Z,58.1928333,-155.0435,1.37,-0.18,ml,6,277,0.09018,0.16,av,av70810204,2018-11-07T21:29:09.350Z,"96km NW of Larsen Bay, Alaska",earthquake,0.82,2.27,0.084,5,reviewed,av,av
2018-11-07T08:40:48.020Z,36.6855,-121.3196667,5.02,1.68,md,36,63,0.0746,0.07,nc,nc73107871,2018-11-08T02:30:02.752Z,"12km S of Tres Pinos, CA",earthquake,0.21,0.84,0.277,35,reviewed,nc,nc
2018-11-07T08:23:41.260Z,46.8743333,-112.5255,16.11,0.65,ml,8,106,0.121,0.04,mb,mb80322449,2018-11-07T22:40:09.560Z,"14km SE of Lincoln, Montana",earthquake,0.26,0.84,0.034,2,reviewed,mb,mb
2018-11-07T08:15:29.920Z,59.3583333,-153.418,0.78,0.65,ml,7,180,0.009823,0.26,av,av61813496,2018-11-07T21:23:18.680Z,"95km ESE of Old Iliamna, Alaska",earthquake,0.42,0.83,0.091,5,reviewed,av,av
2018-11-07T08:06:24.830Z,19.1755,-155.478,32.19,1.71,md,25,80,0.02499,0.1,hv,hv70677301,2018-11-07T19:59:57.270Z,"3km S of Pahala, Hawaii",earthquake,0.69,0.96,0.039,18,reviewed,hv,hv
2018-11-07T08:05:06.540Z,33.5251667,-116.5583333,11.8,0.41,ml,24,65,0.03951,0.14,ci,ci38352536,2018-11-07T18:24:21.035Z,"11km ESE of Anza, CA",earthquake,0.22,0.36,0.11,10,reviewed,ci,ci
2018-11-07T08:03:03.520Z,36.1671667,-120.1203333,8.78,1.73,md,27,183,0.1063,0.07,nc,nc73107861,2018-11-08T02:19:02.690Z,"4km SSW of Huron, CA",earthquake,0.72,0.66,0.192,12,reviewed,nc,nc
2018-11-07T08:01:28.400Z,19.1628333,-155.4788333,32.87,2,md,54,110,0.01744,0.11,hv,hv70677296,2018-11-07T19:48:01.950Z,"4km S of Pahala, Hawaii",earthquake,0.49,0.63,0.203,22,reviewed,hv,hv
2018-11-07T07:55:56.030Z,19.4050007,-155.2856598,-0.54,1.85,ml,19,37,0.01268,0.24,hv,hv70677281,2018-11-07T08:01:43.570Z,"5km WSW of Volcano, Hawaii",earthquake,0.2,0.27,0.36,8,automatic,hv,hv
2018-11-07T07:51:25.280Z,19.195,-155.332,41.79,1.93,md,52,173,0.07496,0.12,hv,hv70677276,2018-11-07T20:01:31.050Z,"15km E of Pahala, Hawaii",earthquake,0.56,0.46,0.121,27,reviewed,hv,hv
2018-11-07T07:51:19.850Z,38.8180008,-122.7965012,2.4,1.05,md,18,66,0.01189,0.02,nc,nc73107851,2018-11-07T08:06:03.144Z,"6km NW of The Geysers, CA",earthquake,0.27,0.52,0.04,4,automatic,nc,nc
2018-11-07T07:49:51.507Z,60.8856,-146.9088,22,1.6,ml,,,,1.08,ak,ak20334182,2018-11-07T07:54:36.229Z,"40km SW of Valdez, Alaska",earthquake,,0.2,,,automatic,ak,ak
2018-11-07T07:46:25.140Z,36.0986667,-117.6083333,6.97,0.61,ml,14,57,0.1048,0.08,ci,ci38352520,2018-11-07T18:25:47.253Z,"31km E of Coso Junction, CA",earthquake,0.18,0.76,0.156,5,reviewed,ci,ci
2018-11-07T07:44:56.380Z,37.2582,-114.9365,0,1.3,ml,10,95.87,0.174,0.1435,nn,nn00664590,2018-11-08T02:04:26.681Z,"23km ESE of Alamo, Nevada",earthquake,,0,0.38,7,reviewed,nn,nn
2018-11-07T07:42:54.576Z,39.1714,-119.5744,8.8,-0.4,ml,6,110.52,0.085,0.151,nn,nn00664655,2018-11-08T02:05:04.440Z,"7km SSE of Dayton, Nevada",earthquake,,3.2,0,1,reviewed,nn,nn
2018-11-07T07:40:50.448Z,59.8935,-141.3913,15.2,1.4,ml,,,,0.37,ak,ak20334180,2018-11-07T07:48:12.808Z,"61km ESE of Cape Yakataga, Alaska",earthquake,,0.2,,,automatic,ak,ak
2018-11-07T07:23:54.790Z,33.0555,-116.4665,12.03,0.58,ml,22,115,0.03221,0.16,ci,ci38352512,2018-11-07T18:37:30.221Z,"13km ESE of Julian, CA",earthquake,0.34,0.53,0.166,9,reviewed,ci,ci
2018-11-07T07:21:37.290Z,33.5035,-116.8048333,3.64,1.88,ml,86,27,0.009607,0.21,ci,ci38352504,2018-11-07T18:48:08.990Z,"9km NE of Aguanga, CA",earthquake,0.14,0.35,0.171,25,reviewed,ci,ci
2018-11-07T07:11:37.650Z,33.6906667,-116.727,15.49,0.35,ml,22,94,0.02308,0.07,ci,ci38352496,2018-11-07T18:52:17.160Z,"6km S of Idyllwild, CA",earthquake,0.18,0.27,0.159,9,reviewed,ci,ci
2018-11-07T07:08:36.650Z,33.5093333,-116.5063333,13.91,0.47,ml,17,98,0.05227,0.16,ci,ci38352488,2018-11-07T14:08:30.249Z,"16km ESE of Anza, CA",earthquake,0.4,0.59,0.12,8,reviewed,ci,ci
2018-11-07T07:04:09.400Z,38.8458328,-122.7698364,1,1.44,md,17,133,0.006055,0.03,nc,nc73107836,2018-11-07T09:44:02.714Z,"5km WNW of Cobb, CA",earthquake,0.24,0.32,0.05,4,automatic,nc,nc
2018-11-07T07:01:33.790Z,33.5013333,-116.4975,13.66,0.46,ml,24,132,0.06262,0.15,ci,ci38352480,2018-11-07T19:19:26.575Z,"17km ESE of Anza, CA",earthquake,0.39,0.51,0.08,11,reviewed,ci,ci
2018-11-07T06:55:12.880Z,35.8921667,-120.3131667,7.15,0.87,md,31,156,0.04421,0.15,nc,nc73107831,2018-11-07T19:23:44.418Z,"11km E of Parkfield, CA",earthquake,0.61,0.54,0.113,10,reviewed,nc,nc
2018-11-07T06:51:33.760Z,33.5043333,-116.5026667,14.78,0.65,ml,26,90,0.05807,0.12,ci,ci38352472,2018-11-07T19:23:04.580Z,"17km ESE of Anza, CA",earthquake,0.27,0.4,0.099,14,reviewed,ci,ci
2018-11-07T06:49:52.295Z,56.53,-156.0574,67.2,2.6,ml,,,,0.51,ak,ak20334167,2018-11-07T06:55:28.266Z,"83km NNW of Chirikof Island, Alaska",earthquake,,1.5,,,automatic,ak,ak
2018-11-07T06:47:09.310Z,33.4963333,-116.7781667,4.28,0.32,ml,16,102,0.02448,0.16,ci,ci38352464,2018-11-07T14:09:02.233Z,"10km NE of Aguanga, CA",earthquake,0.38,0.5,0.071,6,reviewed,ci,ci
2018-11-07T06:45:30.609Z,69.6427,-143.4994,9.2,2.9,ml,,,,1.34,ak,ak20334164,2018-11-07T20:56:08.022Z,"54km S of Kaktovik, Alaska",earthquake,,0.3,,,reviewed,ak,ak
2018-11-07T06:42:52.390Z,33.5085,-116.5043333,14.61,0.4,ml,15,125,0.05371,0.15,ci,ci38352456,2018-11-07T14:09:04.394Z,"16km ESE of Anza, CA",earthquake,0.48,0.7,0.034,8,reviewed,ci,ci
2018-11-07T06:36:08.260Z,37.1116667,-122.3368333,8.58,2.21,md,65,200,0.08708,0.18,nc,nc73107821,2018-11-08T05:05:03.670Z,"18km WNW of Bonny Doon, CA",earthquake,0.47,0.5,0.18,79,reviewed,nc,nc
2018-11-07T06:35:05.480Z,33.5031667,-116.5033333,15.32,0.4,ml,15,193,0.05891,0.13,ci,ci38352448,2018-11-07T19:30:46.186Z,"17km ESE of Anza, CA",earthquake,0.45,0.53,0.068,5,reviewed,ci,ci
2018-11-07T06:31:36.200Z,36.6755,-121.3065,3.98,1.08,md,20,111,0.06484,0.06,nc,nc73107816,2018-11-07T19:56:03.092Z,"13km S of Tres Pinos, CA",earthquake,0.31,1.16,0.221,17,reviewed,nc,nc
2018-11-07T06:29:07.250Z,37.6401667,-118.9286667,5.97,0.63,md,24,59,0.02337,0.03,nc,nc73107811,2018-11-07T19:49:03.045Z,"4km E of Mammoth Lakes, CA",earthquake,0.3,0.51,0.253,22,reviewed,nc,nc
2018-11-07T06:24:40.440Z,33.4936667,-116.5148333,14.03,2.87,ml,117,26,0.06508,0.18,ci,ci38352440,2018-11-08T00:30:14.233Z,"16km ESE of Anza, CA",earthquake,0.11,0.19,0.222,25,reviewed,ci,ci
2018-11-07T06:21:39.400Z,34.1563333,-116.8093333,4.68,0.92,ml,47,60,0.1209,0.18,ci,ci38352432,2018-11-07T20:00:07.519Z,"12km SSE of Big Bear City, CA",earthquake,0.18,1.06,0.131,22,reviewed,ci,ci
2018-11-07T06:17:38.490Z,33.9881667,-116.9336667,7.2,1.46,ml,74,26,0.07718,0.14,ci,ci38352424,2018-11-07T19:48:21.220Z,"8km NNE of Beaumont, CA",earthquake,0.11,0.48,0.185,56,reviewed,ci,ci
2018-11-07T06:14:25.209Z,64.686,-148.2394,9.2,1.3,ml,,,,1.07,ak,ak20334101,2018-11-07T06:17:40.540Z,"20km SSW of Ester, Alaska",earthquake,,0.3,,,automatic,ak,ak
2018-11-07T06:04:23.770Z,-12.8096,45.4355,10,4.9,mb,,49,6.409,0.82,us,us2000i7u5,2018-11-07T06:20:35.718Z,"16km E of Pamandzi, Mayotte",earthquake,9,1.9,0.099,32,reviewed,us,us
2018-11-07T06:03:30.800Z,33.5116667,-116.7981667,3.72,-0.03,ml,22,57,0.001954,0.13,ci,ci38352416,2018-11-07T19:37:54.661Z,"10km NE of Aguanga, CA",earthquake,0.18,0.39,0.047,4,reviewed,ci,ci
2018-11-07T06:00:23.280Z,33.7238333,-116.8236667,16.94,0.48,ml,19,106,0.09118,0.08,ci,ci38352408,2018-11-07T17:41:56.763Z,"7km ESE of Valle Vista, CA",earthquake,0.26,0.42,0.106,10,reviewed,ci,ci
